{
  "Spread Accuracy": 0.49702380952380953,
  "Moneyline Accuracy": 0.6726190476190477,
  "Totals Accuracy": 0.5654761904761905,
  "Spread MAE": 0.5029761904761905,
  "Moneyline MAE": 0.3273809523809524,
  "Totals MAE": 0.43452380952380953,
  "Optimal Spread Threshold": 0.524,
  "Optimal Moneyline Threshold": 0.18000000000000002,
  "Optimal Totals Threshold": 0.32000000000000006
}