{
  "Spread Accuracy": 0.5089285714285714,
  "Moneyline Accuracy": 0.6607142857142857,
  "Totals Accuracy": 0.5476190476190477,
  "Spread MAE": 0.49107142857142855,
  "Moneyline MAE": 0.3392857142857143,
  "Totals MAE": 0.4523809523809524,
  "Optimal Spread Threshold": 0.524,
  "Optimal Moneyline Threshold": 0.18000000000000002,
  "Optimal Totals Threshold": 0.3600000000000001
}