{
  "Spread Accuracy": 0.5178571428571429,
  "Moneyline Accuracy": 0.6785714285714286,
  "Totals Accuracy": 0.5178571428571429,
  "Spread MAE": 0.48214285714285715,
  "Moneyline MAE": 0.32142857142857145,
  "Totals MAE": 0.48214285714285715,
  "Optimal Spread Threshold": 0.524,
  "Optimal Moneyline Threshold": 0.16000000000000003,
  "Optimal Totals Threshold": 0.38
}