{
  "Spread Accuracy": 0.5119047619047619,
  "Moneyline Accuracy": 0.6845238095238095,
  "Totals Accuracy": 0.5565476190476191,
  "Spread MAE": 0.4880952380952381,
  "Moneyline MAE": 0.31547619047619047,
  "Totals MAE": 0.44345238095238093,
  "Optimal Spread Threshold": 0.4,
  "Optimal Moneyline Threshold": 0.26,
  "Optimal Totals Threshold": 0.38
}