{
  "Spread Accuracy": 0.47928994082840237,
  "Moneyline Accuracy": 0.6686390532544378,
  "Totals Accuracy": 0.5325443786982249,
  "Spread MAE": 0.5207100591715976,
  "Moneyline MAE": 0.33136094674556216,
  "Totals MAE": 0.46745562130177515,
  "Optimal Spread Threshold": 0.524,
  "Optimal Moneyline Threshold": 0.24000000000000002,
  "Optimal Totals Threshold": 0.1
}