{
  "Spread Accuracy": 0.5238095238095238,
  "Moneyline Accuracy": 0.6666666666666666,
  "Totals Accuracy": 0.5684523809523809,
  "Spread MAE": 0.47619047619047616,
  "Moneyline MAE": 0.3333333333333333,
  "Totals MAE": 0.43154761904761907,
  "Optimal Spread Threshold": 0.524,
  "Optimal Moneyline Threshold": 0.24000000000000002,
  "Optimal Totals Threshold": 0.3400000000000001
}