{
  "Spread Accuracy": 0.4851190476190476,
  "Moneyline Accuracy": 0.6666666666666666,
  "Totals Accuracy": 0.5446428571428571,
  "Spread MAE": 0.5148809523809523,
  "Moneyline MAE": 0.3333333333333333,
  "Totals MAE": 0.45535714285714285,
  "Optimal Spread Threshold": 0.524,
  "Optimal Moneyline Threshold": 0.24000000000000002,
  "Optimal Totals Threshold": 0.3600000000000001
}