{
  "Spread Accuracy": 0.5416666666666666,
  "Moneyline Accuracy": 0.6904761904761905,
  "Totals Accuracy": 0.5595238095238095,
  "Spread MAE": 0.4583333333333333,
  "Moneyline MAE": 0.30952380952380953,
  "Totals MAE": 0.44047619047619047,
  "Optimal Spread Threshold": 0.1,
  "Optimal Moneyline Threshold": 0.26,
  "Optimal Totals Threshold": 0.38
}