{
  "Spread Accuracy": 0.5236686390532544,
  "Moneyline Accuracy": 0.6715976331360947,
  "Totals Accuracy": 0.5236686390532544,
  "Spread MAE": 0.47633136094674555,
  "Moneyline MAE": 0.32840236686390534,
  "Totals MAE": 0.47633136094674555,
  "Optimal Spread Threshold": 0.524,
  "Optimal Moneyline Threshold": 0.28,
  "Optimal Totals Threshold": 0.26
}