{
  "Spread Accuracy": 0.5386904761904762,
  "Moneyline Accuracy": 0.6904761904761905,
  "Totals Accuracy": 0.5654761904761905,
  "Spread MAE": 0.46130952380952384,
  "Moneyline MAE": 0.30952380952380953,
  "Totals MAE": 0.43452380952380953,
  "Optimal Spread Threshold": 0.38,
  "Optimal Moneyline Threshold": 0.26,
  "Optimal Totals Threshold": 0.42000000000000004
}