{
  "Spread Accuracy": 0.5148809523809523,
  "Moneyline Accuracy": 0.6636904761904762,
  "Totals Accuracy": 0.5684523809523809,
  "Spread MAE": 0.4851190476190476,
  "Moneyline MAE": 0.33630952380952384,
  "Totals MAE": 0.43154761904761907,
  "Optimal Spread Threshold": 0.524,
  "Optimal Moneyline Threshold": 0.28,
  "Optimal Totals Threshold": 0.32000000000000006
}