{
  "Spread Accuracy": 0.4822485207100592,
  "Moneyline Accuracy": 0.6715976331360947,
  "Totals Accuracy": 0.5384615384615384,
  "Spread MAE": 0.5177514792899408,
  "Moneyline MAE": 0.32840236686390534,
  "Totals MAE": 0.46153846153846156,
  "Optimal Spread Threshold": 0.524,
  "Optimal Moneyline Threshold": 0.32000000000000006,
  "Optimal Totals Threshold": 0.3400000000000001
}