{
  "Spread Accuracy": 0.49262536873156343,
  "Moneyline Accuracy": 0.6637168141592921,
  "Totals Accuracy": 0.5545722713864307,
  "Spread MAE": 0.5073746312684366,
  "Moneyline MAE": 0.336283185840708,
  "Totals MAE": 0.44542772861356933,
  "Optimal Spread Threshold": 0.5457643330097198,
  "Optimal Moneyline Threshold": 0.26,
  "Optimal Totals Threshold": 0.30000000000000004,
  "Spread_EV_Analysis": {
    "threshold": 0.5457643330097198,
    "min_edge": 0.02,
    "bets_triggered": 40,
    "total_games": 339,
    "bet_percentage": 11.799410029498524,
    "historical_accuracy": 0.5,
    "wins": 20,
    "losses": 20,
    "theoretical_roi_pct": -4.545000000000004
  }
}