{
  "Spread Accuracy": 0.5029761904761905,
  "Moneyline Accuracy": 0.6845238095238095,
  "Totals Accuracy": 0.5505952380952381,
  "Spread MAE": 0.49702380952380953,
  "Moneyline MAE": 0.31547619047619047,
  "Totals MAE": 0.4494047619047619,
  "Optimal Spread Threshold": 0.1,
  "Optimal Moneyline Threshold": 0.26,
  "Optimal Totals Threshold": 0.42000000000000004
}