{
  "Spread Accuracy": 0.5208333333333334,
  "Moneyline Accuracy": 0.6845238095238095,
  "Totals Accuracy": 0.5654761904761905,
  "Spread MAE": 0.4791666666666667,
  "Moneyline MAE": 0.31547619047619047,
  "Totals MAE": 0.43452380952380953,
  "Optimal Spread Threshold": 0.524,
  "Optimal Moneyline Threshold": 0.32000000000000006,
  "Optimal Totals Threshold": 0.32000000000000006
}