{
  "Spread Accuracy": 0.5357142857142857,
  "Moneyline Accuracy": 0.6755952380952381,
  "Totals Accuracy": 0.5505952380952381,
  "Spread MAE": 0.4642857142857143,
  "Moneyline MAE": 0.3244047619047619,
  "Totals MAE": 0.4494047619047619,
  "Optimal Spread Threshold": 0.524,
  "Optimal Moneyline Threshold": 0.18000000000000002,
  "Optimal Totals Threshold": 0.38
}