{
  "Spread Accuracy": 0.47928994082840237,
  "Moneyline Accuracy": 0.6479289940828402,
  "Totals Accuracy": 0.5384615384615384,
  "Spread MAE": 0.5207100591715976,
  "Moneyline MAE": 0.3520710059171598,
  "Totals MAE": 0.46153846153846156,
  "Optimal Spread Threshold": 0.524,
  "Optimal Moneyline Threshold": 0.32000000000000006,
  "Optimal Totals Threshold": 0.26
}