{
  "Spread Accuracy": 0.5,
  "Moneyline Accuracy": 0.6875,
  "Totals Accuracy": 0.5476190476190477,
  "Spread MAE": 0.5,
  "Moneyline MAE": 0.3125,
  "Totals MAE": 0.4523809523809524,
  "Optimal Spread Threshold": 0.524,
  "Optimal Moneyline Threshold": 0.28,
  "Optimal Totals Threshold": 0.3400000000000001
}