{
  "Spread Accuracy": 0.5595238095238095,
  "Moneyline Accuracy": 0.7023809523809523,
  "Totals Accuracy": 0.5505952380952381,
  "Spread MAE": 0.44047619047619047,
  "Moneyline MAE": 0.2976190476190476,
  "Totals MAE": 0.4494047619047619,
  "Optimal Moneyline Threshold": 0.26,
  "Optimal Spread Threshold": 0.32000000000000006
}