{
  "Spread Accuracy": 0.5386904761904762,
  "Moneyline Accuracy": 0.7023809523809523,
  "Totals Accuracy": 0.5535714285714286,
  "Spread MAE": 0.46130952380952384,
  "Moneyline MAE": 0.2976190476190476,
  "Totals MAE": 0.44642857142857145
}