{
  "Spread Accuracy": 0.49554896142433236,
  "Moneyline Accuracy": 0.6706231454005934,
  "Totals Accuracy": 0.543026706231454,
  "Spread MAE": 0.5044510385756676,
  "Moneyline MAE": 0.3293768545994065,
  "Totals MAE": 0.456973293768546,
  "Optimal Spread Threshold": 0.524,
  "Optimal Moneyline Threshold": 0.32000000000000006,
  "Optimal Totals Threshold": 0.38
}