{
  "Spread Accuracy": 0.5267857142857143,
  "Moneyline Accuracy": 0.6875,
  "Totals Accuracy": 0.5684523809523809,
  "Spread MAE": 0.4732142857142857,
  "Moneyline MAE": 0.3125,
  "Totals MAE": 0.43154761904761907,
  "Optimal Spread Threshold": 0.1,
  "Optimal Moneyline Threshold": 0.28,
  "Optimal Totals Threshold": 0.38
}