{
  "Spread Accuracy": 0.4851190476190476,
  "Moneyline Accuracy": 0.6755952380952381,
  "Totals Accuracy": 0.5684523809523809,
  "Spread MAE": 0.5148809523809523,
  "Moneyline MAE": 0.3244047619047619,
  "Totals MAE": 0.43154761904761907,
  "Optimal Spread Threshold": 0.524,
  "Optimal Moneyline Threshold": 0.28,
  "Optimal Totals Threshold": 0.38
}