{
  "Spread Accuracy": 0.5119047619047619,
  "Moneyline Accuracy": 0.6815476190476191,
  "Totals Accuracy": 0.5446428571428571,
  "Spread MAE": 0.4880952380952381,
  "Moneyline MAE": 0.31845238095238093,
  "Totals MAE": 0.45535714285714285,
  "Optimal Spread Threshold": 0.4,
  "Optimal Moneyline Threshold": 0.28,
  "Optimal Totals Threshold": 0.32000000000000006
}