model_name,target,train_samples,test_samples,accuracy,precision,recall,f1,roc_auc
passing_yards_elite_qb,over_elite_qb,3110,778,0.6298200514138818,0.44473007712082263,0.7061224489795919,0.5457413249211357,0.7075582953631735
passing_yards_starter,over_starter,3110,778,0.6452442159383034,0.5615763546798029,0.6993865030674846,0.6229508196721312,0.710010722623378
passing_tds_over,over_over,3110,778,0.5758354755784062,0.4587628865979381,0.5973154362416108,0.5189504373177842,0.6293763982102908
passing_tds_high,over_high,3110,778,0.6825192802056556,0.26334519572953735,0.6491228070175439,0.37468354430379747,0.7143970619319382
rushing_yards_starter,over_starter,10547,2637,0.7633674630261661,0.6918604651162791,0.7670349907918969,0.7275109170305677,0.8415591794279934
rushing_tds_anytime,over_anytime,10547,2637,0.6662874478574137,0.3252108716026242,0.6844181459566075,0.4409148665819568,0.7187131335018658
receiving_yards_starter,over_starter,20661,5166,0.7084785133565621,0.6324747010119596,0.6604226705091258,0.6461466165413534,0.7662904258725585
receiving_tds_anytime,over_anytime,20661,5166,0.651180797522261,0.2670652715495765,0.6182237600922722,0.3729993041057759,0.6710960919266383
