{
  "trained_at": "2026-01-05T20:56:17.249834",
  "models": [
    {
      "model_name": "passing_yards_elite_qb",
      "target": "over_elite_qb",
      "train_samples": 3110,
      "test_samples": 778,
      "accuracy": 0.6143958868894601,
      "precision": 0.31347962382445144,
      "recall": 0.5524861878453039,
      "f1": 0.4,
      "roc_auc": 0.6211443960132152
    },
    {
      "model_name": "passing_yards_starter",
      "target": "over_starter",
      "train_samples": 3110,
      "test_samples": 778,
      "accuracy": 0.6503856041131105,
      "precision": 0.5879518072289157,
      "recall": 0.7072463768115942,
      "f1": 0.6421052631578947,
      "roc_auc": 0.7169126753020718
    },
    {
      "model_name": "rushing_yards_starter",
      "target": "over_starter",
      "train_samples": 10547,
      "test_samples": 2637,
      "accuracy": 0.7523701175578309,
      "precision": 0.3252873563218391,
      "recall": 0.8108882521489972,
      "f1": 0.4643150123051682,
      "roc_auc": 0.8404851774300198
    },
    {
      "model_name": "receiving_yards_starter",
      "target": "over_starter",
      "train_samples": 20661,
      "test_samples": 5166,
      "accuracy": 0.7326751838946961,
      "precision": 0.3723060344827586,
      "recall": 0.7618522601984564,
      "f1": 0.5001809627216793,
      "roc_auc": 0.8142387623019209
    }
  ]
}