model_name,target,train_samples,test_samples,accuracy,precision,recall,f1,roc_auc
passing_yards_elite_qb,over_elite_qb,3110,778,0.6143958868894601,0.31347962382445144,0.5524861878453039,0.4,0.6211443960132152
passing_yards_starter,over_starter,3110,778,0.6503856041131105,0.5879518072289157,0.7072463768115942,0.6421052631578947,0.7169126753020718
rushing_yards_starter,over_starter,10547,2637,0.7523701175578309,0.3252873563218391,0.8108882521489972,0.4643150123051682,0.8404851774300198
receiving_yards_starter,over_starter,20661,5166,0.7326751838946961,0.3723060344827586,0.7618522601984564,0.5001809627216793,0.8142387623019209
